target,feature_set,layer,layer_pct,model_type,fold,auc,f1,accuracy,n_train,n_test,positive_rate_test
compliance,surface,,,logistic,0,0.6562947304262436,0.35994587280108253,0.7547952306894764,15431,3858,0.16666666666666666
compliance,surface,,,logistic,1,0.6722224844333966,0.37833468067906223,0.6013478486262313,15431,3858,0.18973561430793157
compliance,surface,,,logistic,2,0.6905913235700469,0.4038950042337002,0.6350440642820114,15431,3858,0.19595645412130638
compliance,surface,,,logistic,3,0.6688888553522034,0.38562091503267976,0.6101607050285122,15431,3858,0.19310523587350958
compliance,surface,,,logistic,4,0.6651909353356318,0.371033360455655,0.599170339642209,15432,3857,0.18926626912107855
compliance,behavioural,,,logistic,0,0.6538615403592705,0.33610975012248895,0.6487817522032141,15431,3858,0.16666666666666666
compliance,behavioural,,,logistic,1,0.5811731502749721,0.32315832315832316,0.568947641264904,15431,3858,0.18973561430793157
compliance,behavioural,,,logistic,2,0.5907828709247149,0.3403411344704482,0.568947641264904,15431,3858,0.19595645412130638
compliance,behavioural,,,logistic,3,0.5971274391650515,0.3406682966585167,0.5806117159149818,15431,3858,0.19310523587350958
compliance,behavioural,,,logistic,4,0.6045984816292915,0.34098360655737703,0.5830956702100077,15432,3857,0.18926626912107855
compliance,prompt_embedding,,,logistic,0,0.7380770058701315,0.4241095890410959,0.7275790565059617,15431,3858,0.16666666666666666
compliance,prompt_embedding,,,logistic,1,0.7390203440909838,0.45029505220154337,0.686106791083463,15431,3858,0.18973561430793157
compliance,prompt_embedding,,,logistic,2,0.752791764316587,0.45824223874070835,0.6788491446345256,15431,3858,0.19595645412130638
compliance,prompt_embedding,,,logistic,3,0.7348107201452234,0.44833625218914186,0.6734059097978227,15431,3858,0.19310523587350958
compliance,prompt_embedding,,,logistic,4,0.7421402631083232,0.439877568867512,0.6678765880217786,15432,3857,0.18926626912107855
compliance,hidden_layer_8,8.0,25.806451612903224,logistic,0,0.7070869684048092,0.3873144399460189,0.7646448937273198,15431,3858,0.16666666666666666
compliance,hidden_layer_8,8.0,25.806451612903224,logistic,1,0.7218997024777206,0.43614457831325304,0.7573872472783826,15431,3858,0.18973561430793157
compliance,hidden_layer_8,8.0,25.806451612903224,logistic,2,0.7305318466665984,0.44365781710914454,0.7555728356661483,15431,3858,0.19595645412130638
compliance,hidden_layer_8,8.0,25.806451612903224,logistic,3,0.7104603556852946,0.4014778325123153,0.7480559875583204,15431,3858,0.19310523587350958
compliance,hidden_layer_8,8.0,25.806451612903224,logistic,4,0.7235816200919083,0.44100801832760594,0.746953590873736,15432,3857,0.18926626912107855
compliance,hidden_layer_16,16.0,51.61290322580645,logistic,0,0.8101669129687095,0.5,0.815966822187662,15431,3858,0.16666666666666666
compliance,hidden_layer_16,16.0,51.61290322580645,logistic,1,0.787018318072643,0.482360487491982,0.7908242612752722,15431,3858,0.18973561430793157
compliance,hidden_layer_16,16.0,51.61290322580645,logistic,2,0.7996044538597732,0.5009511731135067,0.7960082944530845,15431,3858,0.19595645412130638
compliance,hidden_layer_16,16.0,51.61290322580645,logistic,3,0.8027854612719555,0.4896939412866958,0.788232244686366,15431,3858,0.19310523587350958
compliance,hidden_layer_16,16.0,51.61290322580645,logistic,4,0.7856694455274652,0.49447852760736194,0.78636245786881,15432,3857,0.18926626912107855
compliance,hidden_layer_24,24.0,77.41935483870968,logistic,0,0.8006448195545279,0.49018181818181816,0.8182996371176775,15431,3858,0.16666666666666666
compliance,hidden_layer_24,24.0,77.41935483870968,logistic,1,0.7812546979502077,0.49286640726329445,0.7973043027475376,15431,3858,0.18973561430793157
compliance,hidden_layer_24,24.0,77.41935483870968,logistic,2,0.8077496938312542,0.5139393939393939,0.7921202695697253,15431,3858,0.19595645412130638
compliance,hidden_layer_24,24.0,77.41935483870968,logistic,3,0.7850251273615515,0.4828897338403042,0.7884914463452566,15431,3858,0.19310523587350958
compliance,hidden_layer_24,24.0,77.41935483870968,logistic,4,0.7955421407011841,0.5086774386594853,0.787140264454239,15432,3857,0.18926626912107855
compliance,hidden_layer_31,31.0,100.0,logistic,0,0.8104090226364075,0.5067232837933475,0.81933644375324,15431,3858,0.16666666666666666
compliance,hidden_layer_31,31.0,100.0,logistic,1,0.7968156200944659,0.5123028391167193,0.7996371176775532,15431,3858,0.18973561430793157
compliance,hidden_layer_31,31.0,100.0,logistic,2,0.7935454681908581,0.49906658369632856,0.7913426645930534,15431,3858,0.19595645412130638
compliance,hidden_layer_31,31.0,100.0,logistic,3,0.7703477730323369,0.47368421052631576,0.7822706065318819,15431,3858,0.19310523587350958
compliance,hidden_layer_31,31.0,100.0,logistic,4,0.7889561091860114,0.47434292866082606,0.7822141560798548,15432,3857,0.18926626912107855
compliance,hidden_layer_16,16.0,51.61290322580645,gradient_boosting,0,0.855611212023732,0.36678200692041524,0.8576982892690513,15431,3858,0.16666666666666666
compliance,hidden_layer_16,16.0,51.61290322580645,gradient_boosting,1,0.8388603078708802,0.4007561436672968,0.8356661482633488,15431,3858,0.18973561430793157
compliance,hidden_layer_16,16.0,51.61290322580645,gradient_boosting,2,0.8580639218937092,0.3996212121212121,0.8356661482633488,15431,3858,0.19595645412130638
compliance,hidden_layer_16,16.0,51.61290322580645,gradient_boosting,3,0.8423334059163025,0.40681173131504256,0.8374805598755832,15431,3858,0.19310523587350958
compliance,hidden_layer_16,16.0,51.61290322580645,gradient_boosting,4,0.8371527701722952,0.4080846968238691,0.8405496499870365,15432,3857,0.18926626912107855
refusal,surface,,,logistic,0,0.44489538333639056,0.3386291420789832,0.6223431829963711,15431,3858,0.27553136340072576
refusal,surface,,,logistic,1,0.8586449416172119,0.40328697850821743,0.7553136340072576,15431,3858,0.1026438569206843
refusal,surface,,,logistic,2,0.8244906246021176,0.4038961038961039,0.7620528771384136,15431,3858,0.10964230171073094
refusal,surface,,,logistic,3,0.8406252980749268,0.4105793450881612,0.7573872472783826,15431,3858,0.10730948678071539
refusal,surface,,,logistic,4,0.8390897646229565,0.38132807363576593,0.7560280010370755,15432,3857,0.09670728545501685
refusal,behavioural,,,logistic,0,0.8887965170972895,0.6642228739002932,0.7625712804561949,15431,3858,0.27553136340072576
refusal,behavioural,,,logistic,1,0.8997360957932881,0.4170319348778961,0.7586832555728357,15431,3858,0.1026438569206843
refusal,behavioural,,,logistic,2,0.9024800327596945,0.45125,0.7724209434940383,15431,3858,0.10964230171073094
refusal,behavioural,,,logistic,3,0.9090647040010773,0.43833943833943834,0.7615344738206324,15431,3858,0.10730948678071539
refusal,behavioural,,,logistic,4,0.8906937266646762,0.4025236593059937,0.7544723878662173,15432,3857,0.09670728545501685
refusal,prompt_embedding,,,logistic,0,0.7630572669580304,0.5378821444395215,0.7296526697770865,15431,3858,0.27553136340072576
refusal,prompt_embedding,,,logistic,1,0.9023933733639107,0.48424289008455035,0.826075686884396,15431,3858,0.1026438569206843
refusal,prompt_embedding,,,logistic,2,0.8914360239641295,0.5068493150684932,0.8320373250388803,15431,3858,0.10964230171073094
refusal,prompt_embedding,,,logistic,3,0.899545944217206,0.5088393543428132,0.8343701399688958,15431,3858,0.10730948678071539
refusal,prompt_embedding,,,logistic,4,0.9012790758519221,0.49243027888446217,0.8348457350272233,15432,3857,0.09670728545501685
refusal,hidden_layer_8,8.0,25.806451612903224,logistic,0,0.9495793624214721,0.7846081651806663,0.8810264385692068,15431,3858,0.27553136340072576
refusal,hidden_layer_8,8.0,25.806451612903224,logistic,1,0.9766395905910638,0.7912621359223301,0.9554173146708139,15431,3858,0.1026438569206843
refusal,hidden_layer_8,8.0,25.806451612903224,logistic,2,0.9681866201423945,0.777262180974478,0.9502332814930016,15431,3858,0.10964230171073094
refusal,hidden_layer_8,8.0,25.806451612903224,logistic,3,0.9711842201237747,0.7557160048134778,0.9473820632452048,15431,3858,0.10730948678071539
refusal,hidden_layer_8,8.0,25.806451612903224,logistic,4,0.9689595946848558,0.7569620253164557,0.9502203785325383,15432,3857,0.09670728545501685
refusal,hidden_layer_16,16.0,51.61290322580645,logistic,0,0.9691392201838721,0.8591352859135286,0.921461897356143,15431,3858,0.27553136340072576
refusal,hidden_layer_16,16.0,51.61290322580645,logistic,1,0.9845873524383056,0.8599752168525403,0.9707102125453603,15431,3858,0.1026438569206843
refusal,hidden_layer_16,16.0,51.61290322580645,logistic,2,0.9773579581625665,0.8243398392652124,0.9603421461897356,15431,3858,0.10964230171073094
refusal,hidden_layer_16,16.0,51.61290322580645,logistic,3,0.9830335751597681,0.8588374851720048,0.9691550025920166,15431,3858,0.10730948678071539
refusal,hidden_layer_16,16.0,51.61290322580645,logistic,4,0.9820135248689528,0.7929292929292929,0.9574799066632097,15432,3857,0.09670728545501685
refusal,hidden_layer_24,24.0,77.41935483870968,logistic,0,0.970564961958342,0.8594114899579636,0.9219803006739243,15431,3858,0.27553136340072576
refusal,hidden_layer_24,24.0,77.41935483870968,logistic,1,0.9890623449982202,0.8672350791717418,0.9717470191809228,15431,3858,0.1026438569206843
refusal,hidden_layer_24,24.0,77.41935483870968,logistic,2,0.9822381891321778,0.8480565371024735,0.9665629860031104,15431,3858,0.10964230171073094
refusal,hidden_layer_24,24.0,77.41935483870968,logistic,3,0.9783660724806006,0.8493475682087782,0.9670813893208916,15431,3858,0.10730948678071539
refusal,hidden_layer_24,24.0,77.41935483870968,logistic,4,0.9841004300009542,0.8148148148148148,0.9637023593466425,15432,3857,0.09670728545501685
refusal,hidden_layer_31,31.0,100.0,logistic,0,0.9772399645247443,0.8755803156917363,0.9305339554173147,15431,3858,0.27553136340072576
refusal,hidden_layer_31,31.0,100.0,logistic,1,0.9880958633125011,0.8575,0.9704510108864697,15431,3858,0.1026438569206843
refusal,hidden_layer_31,31.0,100.0,logistic,2,0.9803889181386163,0.8507638072855465,0.9670813893208916,15431,3858,0.10964230171073094
refusal,hidden_layer_31,31.0,100.0,logistic,3,0.9854160705168128,0.8561236623067776,0.9686365992742354,15431,3858,0.10730948678071539
refusal,hidden_layer_31,31.0,100.0,logistic,4,0.9802282667914296,0.8582887700534759,0.9725175006481721,15432,3857,0.09670728545501685
refusal,hidden_layer_31,31.0,100.0,gradient_boosting,0,0.9751683307613211,0.846793930494371,0.9188698807672369,15431,3858,0.27553136340072576
refusal,hidden_layer_31,31.0,100.0,gradient_boosting,1,0.990014238281136,0.8388814913448736,0.9686365992742354,15431,3858,0.1026438569206843
refusal,hidden_layer_31,31.0,100.0,gradient_boosting,2,0.9891287366526612,0.815,0.9616381544841887,15431,3858,0.10964230171073094
refusal,hidden_layer_31,31.0,100.0,gradient_boosting,3,0.9889186262463039,0.8287153652392947,0.9647485743908761,15431,3858,0.10730948678071539
refusal,hidden_layer_31,31.0,100.0,gradient_boosting,4,0.9883273363026074,0.8,0.9631838216230231,15432,3857,0.09670728545501685
